2,sweep-adamw-wd003-dr00-s1337,adamw,0,0.03,0.0,1337,4.532870,1.473200,33.72m
4,sweep-adamw-wd003-dr01-s42,adamw,0,0.03,0.1,42,4.641692,1.508577,34.11m
3,sweep-adamw-wd003-dr00-s2718,adamw,0,0.03,0.0,2718,4.543133,1.476543,34.45m
1,sweep-adamw-wd003-dr00-s42,adamw,0,0.03,0.0,42,4.639547,1.507882,34.64m
5,sweep-adamw-wd003-dr01-s1337,adamw,0,0.03,0.1,1337,4.551980,1.479428,34.03m
6,sweep-adamw-wd003-dr01-s2718,adamw,0,0.03,0.1,2718,4.556431,1.480878,34.66m
7,sweep-adamw-wd01-dr00-s42,adamw,0,0.1,0.0,42,4.642646,1.508879,34.63m
8,sweep-adamw-wd01-dr00-s1337,adamw,0,0.1,0.0,1337,4.531556,1.472777,33.84m
9,sweep-adamw-wd01-dr00-s2718,adamw,0,0.1,0.0,2718,4.543592,1.476686,33.95m
10,sweep-adamw-wd01-dr01-s42,adamw,0,0.1,0.1,42,4.640218,1.508102,34.77m
11,sweep-adamw-wd01-dr01-s1337,adamw,0,0.1,0.1,1337,4.556033,1.480745,34.19m
12,sweep-adamw-wd01-dr01-s2718,adamw,0,0.1,0.1,2718,4.564211,1.483407,34.59m
14,sweep-adamw-wd03-dr00-s1337,adamw,0,0.3,0.0,1337,4.619409,1.501331,34.07m
13,sweep-adamw-wd03-dr00-s42,adamw,0,0.3,0.0,42,4.717837,1.533322,33.94m
15,sweep-adamw-wd03-dr00-s2718,adamw,0,0.3,0.0,2718,4.626991,1.503801,33.85m
16,sweep-adamw-wd03-dr01-s42,adamw,0,0.3,0.1,42,4.722723,1.534923,34.59m
17,sweep-adamw-wd03-dr01-s1337,adamw,0,0.3,0.1,1337,4.642978,1.509006,34.52m
18,sweep-adamw-wd03-dr01-s2718,adamw,0,0.3,0.1,2718,4.642306,1.508798,34.37m
19,sweep-adamw-wd10-dr00-s42,adamw,0,1.0,0.0,42,4.939768,1.605435,33.94m
20,sweep-adamw-wd10-dr00-s1337,adamw,0,1.0,0.0,1337,4.805903,1.561937,33.98m
21,sweep-adamw-wd10-dr00-s2718,adamw,0,1.0,0.0,2718,4.808530,1.562803,34.10m
22,sweep-adamw-wd10-dr01-s42,adamw,0,1.0,0.1,42,4.940874,1.605803,34.07m
23,sweep-adamw-wd10-dr01-s1337,adamw,0,1.0,0.1,1337,4.830552,1.569957,34.34m
24,sweep-adamw-wd10-dr01-s2718,adamw,0,1.0,0.1,2718,4.844796,1.574603,34.31m
25,sweep-muon-wd003-dr00-s42,muon,0,0.03,0.0,42,3.943016,1.281477,34.17m
26,sweep-muon-wd003-dr00-s1337,muon,0,0.03,0.0,1337,3.949717,1.283657,34.60m
27,sweep-muon-wd003-dr00-s2718,muon,0,0.03,0.0,2718,3.951814,1.284337,33.98m
29,sweep-muon-wd003-dr01-s1337,muon,0,0.03,0.1,1337,3.975238,1.291971,34.42m
28,sweep-muon-wd003-dr01-s42,muon,0,0.03,0.1,42,3.968479,1.289764,34.56m
30,sweep-muon-wd003-dr01-s2718,muon,0,0.03,0.1,2718,3.979068,1.293220,34.62m
31,sweep-muon-wd01-dr00-s42,muon,0,0.1,0.0,42,3.918764,1.273591,34.13m
32,sweep-muon-wd01-dr00-s1337,muon,0,0.1,0.0,1337,3.924444,1.275435,34.20m
33,sweep-muon-wd01-dr00-s2718,muon,0,0.1,0.0,2718,3.927852,1.276548,34.38m
34,sweep-muon-wd01-dr01-s42,muon,0,0.1,0.1,42,3.944026,1.281815,34.71m
35,sweep-muon-wd01-dr01-s1337,muon,0,0.1,0.1,1337,3.949374,1.283555,34.79m
36,sweep-muon-wd01-dr01-s2718,muon,0,0.1,0.1,2718,3.951841,1.284360,34.15m
37,sweep-muon-wd03-dr00-s42,muon,0,0.3,0.0,42,3.913611,1.271916,34.20m
38,sweep-muon-wd03-dr00-s1337,muon,0,0.3,0.0,1337,3.919018,1.273676,34.62m
39,sweep-muon-wd03-dr00-s2718,muon,0,0.3,0.0,2718,3.924220,1.275370,34.09m
40,sweep-muon-wd03-dr01-s42,muon,0,0.3,0.1,42,3.936131,1.279241,34.67m
41,sweep-muon-wd03-dr01-s1337,muon,0,0.3,0.1,1337,3.943034,1.281489,34.38m
42,sweep-muon-wd03-dr01-s2718,muon,0,0.3,0.1,2718,3.947336,1.282895,34.86m
43,sweep-muon-wd10-dr00-s42,muon,0,1.0,0.0,42,4.002224,1.300722,34.13m
44,sweep-muon-wd10-dr00-s1337,muon,0,1.0,0.0,1337,4.006796,1.302205,34.62m
45,sweep-muon-wd10-dr00-s2718,muon,0,1.0,0.0,2718,4.017801,1.305788,34.33m
46,sweep-muon-wd10-dr01-s42,muon,0,1.0,0.1,42,4.026135,1.308498,34.90m
47,sweep-muon-wd10-dr01-s1337,muon,0,1.0,0.1,1337,4.032315,1.310507,34.54m
48,sweep-muon-wd10-dr01-s2718,muon,0,1.0,0.1,2718,4.037967,1.312347,35.13m
49,sweep-adamw-sam-wd003-dr00-s42,adamw,1,0.03,0.0,42,4.631885,1.505384,68.24m
50,sweep-adamw-sam-wd003-dr00-s1337,adamw,1,0.03,0.0,1337,4.631675,1.505315,69.45m
51,sweep-adamw-sam-wd003-dr00-s2718,adamw,1,0.03,0.0,2718,4.633364,1.505862,68.26m
52,sweep-adamw-sam-wd003-dr01-s42,adamw,1,0.03,0.1,42,4.643558,1.509189,69.28m
53,sweep-adamw-sam-wd003-dr01-s1337,adamw,1,0.03,0.1,1337,4.647779,1.510555,68.70m
54,sweep-adamw-sam-wd003-dr01-s2718,adamw,1,0.03,0.1,2718,4.641262,1.508440,68.70m
55,sweep-adamw-sam-wd01-dr00-s42,adamw,1,0.1,0.0,42,4.644374,1.509439,68.59m
56,sweep-adamw-sam-wd01-dr00-s1337,adamw,1,0.1,0.0,1337,4.635455,1.506541,68.47m
57,sweep-adamw-sam-wd01-dr00-s2718,adamw,1,0.1,0.0,2718,4.638651,1.507587,68.45m
58,sweep-adamw-sam-wd01-dr01-s42,adamw,1,0.1,0.1,42,4.654715,1.512817,68.68m
59,sweep-adamw-sam-wd01-dr01-s1337,adamw,1,0.1,0.1,1337,4.652978,1.512246,68.81m
60,sweep-adamw-sam-wd01-dr01-s2718,adamw,1,0.1,0.1,2718,4.646713,1.510214,69.23m
61,sweep-adamw-sam-wd03-dr00-s42,adamw,1,0.3,0.0,42,4.736613,1.539411,68.19m
62,sweep-adamw-sam-wd03-dr00-s1337,adamw,1,0.3,0.0,1337,4.737434,1.539679,68.90m
63,sweep-adamw-sam-wd03-dr00-s2718,adamw,1,0.3,0.0,2718,4.722194,1.534725,68.48m
64,sweep-adamw-sam-wd03-dr01-s42,adamw,1,0.3,0.1,42,4.745388,1.542285,68.65m
67,sweep-adamw-sam-wd10-dr00-s42,adamw,1,1.0,0.0,42,4.916470,1.597877,68.18m
65,sweep-adamw-sam-wd03-dr01-s1337,adamw,1,0.3,0.1,1337,4.740952,1.540841,68.41m
68,sweep-adamw-sam-wd10-dr00-s1337,adamw,1,1.0,0.0,1337,4.942139,1.606209,69.36m
66,sweep-adamw-sam-wd03-dr01-s2718,adamw,1,0.3,0.1,2718,4.737366,1.539678,69.11m
69,sweep-adamw-sam-wd10-dr00-s2718,adamw,1,1.0,0.0,2718,4.929061,1.601964,68.54m
70,sweep-adamw-sam-wd10-dr01-s42,adamw,1,1.0,0.1,42,4.931650,1.602798,68.56m
72,sweep-adamw-sam-wd10-dr01-s2718,adamw,1,1.0,0.1,2718,4.927847,1.601559,68.97m
71,sweep-adamw-sam-wd10-dr01-s1337,adamw,1,1.0,0.1,1337,4.934837,1.603845,69.82m
73,sweep-muon-sam-wd003-dr00-s42,muon,1,0.03,0.0,42,3.990278,1.296845,67.11m
74,sweep-muon-sam-wd003-dr00-s1337,muon,1,0.03,0.0,1337,3.986196,1.295507,68.38m
75,sweep-muon-sam-wd003-dr00-s2718,muon,1,0.03,0.0,2718,3.989034,1.296440,69.17m
76,sweep-muon-sam-wd003-dr01-s42,muon,1,0.03,0.1,42,4.013693,1.304464,69.23m
77,sweep-muon-sam-wd003-dr01-s1337,muon,1,0.03,0.1,1337,4.010862,1.303542,67.67m
78,sweep-muon-sam-wd003-dr01-s2718,muon,1,0.03,0.1,2718,4.014055,1.304587,68.68m
79,sweep-muon-sam-wd01-dr00-s42,muon,1,0.1,0.0,42,3.962888,1.287939,67.59m
80,sweep-muon-sam-wd01-dr00-s1337,muon,1,0.1,0.0,1337,3.959776,1.286910,69.14m
81,sweep-muon-sam-wd01-dr00-s2718,muon,1,0.1,0.0,2718,3.962444,1.287792,67.37m
82,sweep-muon-sam-wd01-dr01-s42,muon,1,0.1,0.1,42,3.985996,1.295458,68.93m
83,sweep-muon-sam-wd01-dr01-s1337,muon,1,0.1,0.1,1337,3.983755,1.294720,70.21m
84,sweep-muon-sam-wd01-dr01-s2718,muon,1,0.1,0.1,2718,3.985076,1.295164,69.39m
85,sweep-muon-sam-wd03-dr00-s42,muon,1,0.3,0.0,42,3.958233,1.286424,68.26m
86,sweep-muon-sam-wd03-dr00-s1337,muon,1,0.3,0.0,1337,3.956806,1.285954,67.60m
87,sweep-muon-sam-wd03-dr00-s2718,muon,1,0.3,0.0,2718,3.955649,1.285581,69.59m
88,sweep-muon-sam-wd03-dr01-s42,muon,1,0.3,0.1,42,3.978783,1.293117,69.58m
89,sweep-muon-sam-wd03-dr01-s1337,muon,1,0.3,0.1,1337,3.979103,1.293194,67.98m
90,sweep-muon-sam-wd03-dr01-s2718,muon,1,0.3,0.1,2718,3.977758,1.292779,68.82m
91,sweep-muon-sam-wd10-dr00-s42,muon,1,1.0,0.0,42,4.043277,1.314065,68.16m
92,sweep-muon-sam-wd10-dr00-s1337,muon,1,1.0,0.0,1337,4.049517,1.316093,67.69m
93,sweep-muon-sam-wd10-dr00-s2718,muon,1,1.0,0.0,2718,4.043466,1.314125,68.87m
94,sweep-muon-sam-wd10-dr01-s42,muon,1,1.0,0.1,42,4.065124,1.321169,69.64m
95,sweep-muon-sam-wd10-dr01-s1337,muon,1,1.0,0.1,1337,4.069058,1.322441,68.64m
96,sweep-muon-sam-wd10-dr01-s2718,muon,1,1.0,0.1,2718,4.063031,1.320489,70.16m
